Category,ID,Name,State,District,Division,Firka,Pincode,"Country Code","Mobile Number",Landline,"Email ID",Address,GSTIN
MEDICALS,FEMI9-R-30550,"Sri Ram Pharmacy  77 ",KANCHIPURAM,CHENGALPATTU,Na,Na,600077,+91,9159081262,,,"Chettiyar Agaram Road, Ch-77",
MEDICALS,FEMI9-R-30513,"Sri Balaji & Pharma ",KANCHIPURAM,CHENGALPATTU,Na,Na,600056,+91,7200724743,,,"No:2468, Erani street, Lakshmi nagar, Kaatupakkam, Ch-56",
"SUPER MARKETS",FEMI9-R-30453,"Metro Super market ",KANCHIPURAM,CHENGALPATTU,Na,Na,600056,+91,9345409938,,,"No:57, Nambi street, Poonamallee Ch-56 ",33MZSPS2674F1ZL
"GROCERY STORES / GENERAL STORES",FEMI9-R-30452,"Merina Mart",KANCHIPURAM,CHENGALPATTU,Na,Na,600077,+91,9597344543,,,"Mariyamman kovil street, Palli kuppam Road, Thiruverkadu, Ch-77",
MEDICALS,FEMI9-R-30412,"Sri Saai Meds",KANCHIPURAM,CHENGALPATTU,Na,Na,600077,+91,9940615735,,,"1B, K.L. Square, Rajas Garden, Phase 2, Noombal, Ch-77",
MEDICALS,FEMI9-R-30380,"Hit Pharmacy ",KANCHIPURAM,CHENGALPATTU,Na,Na,600037,+91,9677098726,,,"No:1/5, New no:1/9, Bazaar Road, Mugappair, Ch-37",33AAICH3484N1Z5
MEDICALS,FEMI9-R-30359,"Sukham Pharmacy ",KANCHIPURAM,CHENGALPATTU,Na,Na,600040,+91,9884448845,,,"H block, 12th main road, Anna Nagar, Ch-40",
MEDICALS,FEMI9-R-30356,"Sri Amman Pharmacy ",KANCHIPURAM,CHENGALPATTU,Na,Na,600040,+91,9962133471,,,"No:1325, 18th Main road, Annanagar, Ch-40",
"SUPER MARKETS",FEMI9-R-30352,"SV Food Mills",KANCHIPURAM,CHENGALPATTU,Na,Na,600040,+91,9597822334,,,"No:1739,18th Main road, Annanagar West, Chennai-40",
MEDICALS,FEMI9-R-30341,"Sree Balaji Medicals",KANCHIPURAM,CHENGALPATTU,Na,Na,600102,+91,9941307696,,,"G124, First Main road, Annanagar East, Ch-102",
MEDICALS,FEMI9-R-30187,"Sri Arunachalam Medicals",KANCHIPURAM,CHENGALPATTU,Na,Na,600056,+91,9840765738,,,"Chendhurpuram Main road, Kaatupakkam, Ch-56",
MEDICALS,FEMI9-R-30182,"Sri Durai Medicals",KANCHIPURAM,CHENGALPATTU,Na,Na,600056,+91,9941941939,,,"No:2/253, School street, Kaatupakkam, Chennai -56",
"GROCERY STORES / GENERAL STORES",FEMI9-R-28949,"On5Green Shop Super Market ",KANCHIPURAM,CHENGALPATTU,Na,Na,600080,+91,9841483540,,,"31st street  Korattur, Ch-80",
MEDICALS,FEMI9-R-28945,"Sri Balaji Medicals Korattur ",KANCHIPURAM,CHENGALPATTU,Na,Na,600080,+91,9884325955,,,"No:644, 31st street, TNHB colony, Korattur, Ch-80.",
"SUPER MARKETS",FEMI9-R-28919,"Mangalam Supermarket ",KANCHIPURAM,CHENGALPATTU,Na,Na,600076,+91,9791866155,,,"No:11, Swaminathan Nagar, Water canal road, Korattur, Ch-76",
"GROCERY STORES / GENERAL STORES",FEMI9-R-28902,"Silon Palporul Angadi ",KANCHIPURAM,CHENGALPATTU,Na,Na,600047,+91,9566099099,,,"No:257,MTH road, Villivakkam, Chennai -49",
"SUPER MARKETS",FEMI9-R-28567,"Annachi Super Market ",KANCHIPURAM,CHENGALPATTU,Na,Na,600040,+91,8608259991,,,"70/1, Lakshmi Apartment, Collector Nagar,Chennai -40",
"GROCERY STORES / GENERAL STORES",FEMI9-R-28564,"Kannan Super Market ",KANCHIPURAM,CHENGALPATTU,Na,Na,600040,+91,9884271565,,,"No:4, Ben Foundation Orchard South park road, Annanagar West Extension, Thirumangalam, Chennai -40",33DAFPK018A2ZB
"ORGANIC STORES",FEMI9-R-28553,"Vayal Organic &Natural Foods storr",KANCHIPURAM,CHENGALPATTU,Na,Na,600101,+91,8925478881,,,"228/1, Rohini Flats, East Main road, Annanagar West extension, ",33AORPM9032K1ZH
"SUPER MARKETS",FEMI9-R-28548,"Nilgiris Chennai Foods ",KANCHIPURAM,CHENGALPATTU,Na,Na,600040,+91,9597822523,,,"No:24/2, 2nd Avenue, West Thirumangalam, Chennai-40 ",
"HYPER MARKETS",FEMI9-R-28545,"Anna Nagar Super Market ",Tamilnadu,CHENNAI,"CHENNAI CENTRAL B",Na,600040,+91,8248422235,,,"2nd Avenue, Annanagar, Ch-40",33ABEFA2994A1ZU
"SUPER MARKETS",FEMI9-R-28543,"Santhosh Super Store",KANCHIPURAM,CHENGALPATTU,Na,Na,600040,+91,8072551604,,,"Thirumangalam Main Road, Annanagar, CH-40 ",
"GROCERY STORES / GENERAL STORES",FEMI9-R-28535,"Sun super store ",KANCHIPURAM,CHENGALPATTU,Na,Na,600040,+91,9940005844,,,"No:88, V block, 5th Avenue, Annanagar west, CH-40 ",
"GROCERY STORES / GENERAL STORES",FEMI9-R-28532,"RBN Store ",KANCHIPURAM,CHENGALPATTU,Na,Na,600040,+91,9840357652,,,"Sindhamani Signal, Annanagar, Chennai-40",
"GROCERY STORES / GENERAL STORES",FEMI9-R-28530,"Ayyanar store",KANCHIPURAM,CHENGALPATTU,Na,Na,600040,+91,9941114748,,,"No:Y-20, 5th Avenue, Annanagar, Chennai -40",
"SUPER MARKETS",FEMI9-R-28509,"RMK Super Market ",KANCHIPURAM,CHENGALPATTU,Na,Na,600077,+91,9841436936,,,"No:9833, TNHB, Thiruverkadu main road, Ayapakkam, Ch-77",
MEDICALS,FEMI9-R-28501,"Cosmo Medical ",KANCHIPURAM,CHENGALPATTU,Na,Na,600077,+91,7569075969,,,"No:31, Aparna Nagar, Thiruverkadu Main road, Chennai -77",
"SUPER MARKETS",FEMI9-R-27850,"Apple Super Market ",KANCHIPURAM,CHENGALPATTU,Na,Na,600056,+91,9841438494,,,"Ramanajakoodam street Poonamallee Ch-56 ",
"GROCERY STORES / GENERAL STORES",FEMI9-R-27802,"Sai Maharaja Super market ",KANCHIPURAM,CHENGALPATTU,Na,Na,600056,+91,9894972783,,,"Chendhurpuam Main Road, Kaatupakkam, Chennai -56",
MEDICALS,FEMI9-R-27748,"Archana Medical ",KANCHIPURAM,CHENGALPATTU,Na,Na,600056,+91,9444237633,,,"No:4, 1st main road, Thirumal Nagar, Poonamalle, Ch-56",
MEDICALS,FEMI9-R-27513,"JAYALAKSHMI MEDICAL",Tamilnadu,CHENNAI,"CHENNAI CENTRAL B",Na,600056,+91,9841433604,,,"NO-227, TRUNK ROAD, POONAMALLEE-600056",
"SUPER MARKETS",FEMI9-R-27508,THIRUKUMARAN,Tamilnadu,CHENNAI,"CHENNAI CENTRAL B",Ambattur,600056,+91,9962661777,,,"NO/348,TRUNK ROAD, POONAMALLEE- 600056",
"FANCY STORES",FEMI9-R-27302,"Golden Shoping centre ",KANCHIPURAM,CHENGALPATTU,Na,Na,600049,+91,9841337001,,,"North Mada street, Villivakkam, Vh-49",
"SUPER MARKETS",FEMI9-R-27300,"D.R.Super Market ",KANCHIPURAM,CHENGALPATTU,Na,Na,600037,+91,9940266177,,,"Nolambur, Chennai-37",
MEDICALS,FEMI9-R-27271,"Sri Ganesh Medicals and Generals",KANCHIPURAM,CHENGALPATTU,Na,Na,600049,+91,9566038384,044-42819435,,"No:48/1, old no:173, Redhills Road, North Villivakkam, Ch-49",
MEDICALS,FEMI9-R-27246,"Sri Saravana Medicals",KANCHIPURAM,CHENGALPATTU,Na,Na,600050,+91,9952960157,,,"No:13, Patel street, Kumaran nagar padi, Ch-50",
MEDICALS,FEMI9-R-26981,"JJR Mrdicals",KANCHIPURAM,CHENGALPATTU,Na,Na,600056,+91,9952003320,,,"56/2, Trunk Road, Karaya chavadi,Ch-56",
"GROCERY STORES / GENERAL STORES",FEMI9-R-26896,"Kannan Super Market ",KANCHIPURAM,CHENGALPATTU,Na,Na,600077,+91,9841462379,,,"No:3, Therodum Veedhi, Thiruverkadu, Ch-77",
"SUPER MARKETS",FEMI9-R-26889,"Metro Mart ",KANCHIPURAM,CHENGALPATTU,Na,Na,600077,+91,9500737345,,,"No:210, Annammal Road, Thiruverkadu, Co operative Nagar, Ch-77",33AHVPI9600C1ZF
MEDICALS,FEMI9-R-26869,"AFRAH Medicals",KANCHIPURAM,CHENGALPATTU,Na,Na,600056,+91,7550239765,,,"No:33A, R.K. salai, Poonamalle, Ch-56",
MEDICALS,FEMI9-R-25201,"Rajeshwari Medical ",KANCHIPURAM,CHENGALPATTU,Na,Na,600049,+91,9952055412,,,"No:142, New no:283, MTH road, Villivakkam, Ch-49 ",
"GROCERY STORES / GENERAL STORES",FEMI9-R-25200,"Sri Namdev Provisions",KANCHIPURAM,CHENGALPATTU,Na,Na,600056,+91,9600896122,,,"No:87, Nanbargal Nagar, Poonamallee, Ch-56 ",
"HYPER MARKETS",FEMI9-R-25198,"Buy Mote",KANCHIPURAM,CHENGALPATTU,Na,Na,600095,+91,9841478390,,,"Chettiyar Agaram, Vanagaram Ch-95 ",
MEDICALS,FEMI9-R-25196,"Shiram Pharmacy ",KANCHIPURAM,CHENGALPATTU,Na,Na,600095,+91,8680940600,,,"No 6, Chettiyar Agaram, Porur, Chennai -95",
"GROCERY STORES / GENERAL STORES",FEMI9-R-25195,"Velan Store ",KANCHIPURAM,CHENGALPATTU,Na,Na,600037,+91,7418788781,,,"Thiruvalluvar salai, Panneer Nagar, Mugappair, Ch-37 ",
"GROCERY STORES / GENERAL STORES",FEMI9-R-25193,"Garuda Super Market ",KANCHIPURAM,CHENGALPATTU,Na,Na,600095,+91,7358775919,,,"No:18, Nehru street, Maruthi Nagar Ayyappanthangal, Ch-95 ",
MEDICALS,FEMI9-R-25188,"Sams Pharmacy ",KANCHIPURAM,CHENGALPATTU,Na,Na,600056,+91,9962175679,,,"Goparasa nallur, Kaatupakkam Chennai -56",
MEDICALS,FEMI9-R-25177,"Poovai Medicals",KANCHIPURAM,CHENGALPATTU,Na,Na,600056,+91,9710448001,,,"No:255, Trunk Road, Poonamallee, Ch-56",
MEDICALS,FEMI9-R-25173,"Aara Medicals ",KANCHIPURAM,CHENGALPATTU,Na,Na,600056,+91,9629808514,,,"No:66, A.D.Govindharaj Nagar, Amman Nagar main road, Kaatupakkam Chennai-56 ",
"ORGANIC STORES",FEMI9-R-25166,"Pavithram Organic Shop ",KANCHIPURAM,CHENGALPATTU,Na,Na,600056,+91,9043282910,,,"Oil Mill Road, Ayyappanthangal, Ch-56 ",
MEDICALS,FEMI9-R-25164,"Ashwin Medicals ",KANCHIPURAM,CHENGALPATTU,Na,Na,600056,+91,9003183646,,,"Trunk Road Poonamallee Chennai-56 ",
MEDICALS,FEMI9-R-24621,"Sri Vinayaka Medicals ",KANCHIPURAM,CHENGALPATTU,Na,Na,600050,+91,9840714605,,,"No:83/1, Vadakku Mada Veedhi, Ch-50",
MEDICALS,FEMI9-R-24594,"Sri Balaji Medicals ",KANCHIPURAM,CHENGALPATTU,Na,Na,600056,+91,8754004743,,,"Plot no:6, Ground floor, Marshall Nagar, Goparasa nallur Kaatupakkam Chennai-56 ",
"GROCERY STORES / GENERAL STORES",FEMI9-R-24586,"Perumal Store",KANCHIPURAM,CHENGALPATTU,Na,Na,600056,+91,8072616502,,,"5th street, Mac Nagar, Kaatupakkam, Ch-56 ",
"SUPER MARKETS",FEMI9-R-24562,"Apple Super Market ",KANCHIPURAM,CHENGALPATTU,Na,Na,600056,+91,9445272967,,,"Phase 4,  Shanmuga Road, Co-operative Nagar, Chennai -56",
MEDICALS,FEMI9-R-24469,"Modern Medicals",Tamilnadu,CHENNAI,"CHENNAI CENTRAL B",Ambattur,600056,+91,9840856834,,,"NO,600/236, Trunk Road Poonamallee Chennai-600056 ",33APJPG8077P1Z8
"SUPER MARKETS",FEMI9-R-24462,"Haneefa Supermarket ",KANCHIPURAM,CHENGALPATTU,Na,Na,600056,+91,9790674490,,,"Trunk Road, Poonamallee, Ch-56 ",
MEDICALS,FEMI9-R-24449,"Step one Pharmacy ",KANCHIPURAM,CHENGALPATTU,Na,Na,600056,+91,9841735490,,,"No:1 Sundhar Nagar, Lakshmi puram main road, Poonamalle, Ch-56",
"SUPER MARKETS",FEMI9-R-24446,"READY BSKET",KANCHIPURAM,CHENNAI,Na,Na,600056,+91,9884977721,,readybasket2017@gmail.com,"#2, TRUNK ROAD, POONAMALLEE, CHENNAI-600056",33AAICR1148K1ZC
MEDICALS,FEMI9-R-24431,"VM Medicals ",KANCHIPURAM,CHENGALPATTU,Na,Na,600056,+91,8248599679,,,"NO:23, M.G.Nagar, Poonamallee, Ch-56 ",
"GROCERY STORES / GENERAL STORES",FEMI9-R-24430,"Sri Akshaya General Store ",KANCHIPURAM,CHENGALPATTU,Na,Na,600056,+91,9962926282,,,"No:19, Plot No:9, Muthu Nagar, Poonamallee,Ch-56",
"HYPER MARKETS",FEMI9-R-24158,"Ready Basket Super market pvt ltd",KANCHIPURAM,CHENGALPATTU,Na,Na,600056,+91,9884911121,,,"No:2, Trunk Road, Poonamalle, Ch-56",33AAICR1148K1ZC
MEDICALS,FEMI9-R-23423,"THULASI  PHARMACIES, ",KANCHIPURAM,CHENNAI,Ambattur,Ambattur,600062,+91,7358364147,,,"DOOR 39, PLOT 3, MANIKANDAPURAM, MTH ROAD, THIRUMULLAIVOYAL  600062",33AABCT8876B1ZF
MEDICALS,FEMI9-R-23410,"Shifa Medicals",KANCHIPURAM,CHENGALPATTU,Na,Na,600056,+91,9884173535,,,"Avadi road, Karayanchavadi, Poonamalle, Ch-56",
MEDICALS,FEMI9-R-22729,"Kanna Pharmacy ",KANCHIPURAM,CHENGALPATTU,Na,Na,600049,+91,9840111054,,,"Thirumanagalam Road, Villivakkam, Ch-49",
MEDICALS,FEMI9-R-22693,"Medicure Pharmacy ",KANCHIPURAM,CHENGALPATTU,Na,Na,600049,+91,9710180458,,,"No:103 A, North Redhills road, Villivakkam, Ch-49",
MEDICALS,FEMI9-R-22682,"Thangam Medical ",KANCHIPURAM,CHENGALPATTU,Na,Na,600049,+91,9840776286,,,"No:135/90, North Redhills road, Villivakkam, Ch-49",
MEDICALS,FEMI9-R-22677,"Jaya Medicals",KANCHIPURAM,CHENGALPATTU,Na,Na,600049,+91,9962526844,,,"No:9/441, 90b 50th street, Sidco Nagar, Villivakkam, Ch-49",
MEDICALS,FEMI9-R-22646,"Sri Dhanvadhiri Medicals",KANCHIPURAM,CHENGALPATTU,Na,Na,600050,+91,9566145799,,,"No:57/23, Madurai Veeran Street, Kalaivanar Nagar, Padi, Ch-50",
MEDICALS,FEMI9-R-22622,"Sri Thirumal Pharmacy ",KANCHIPURAM,CHENGALPATTU,Na,Na,600050,+91,6382089505,,,"Tvs Avenue, Annanagar west extension, Padi, Ch-50",
MEDICALS,FEMI9-R-22603,"Srinivasa Medical ",KANCHIPURAM,CHENGALPATTU,Na,Na,600050,+91,9941286621,,,"No20/14, Appar Street, TMP Nagar, Padi, Ch-50",
MEDICALS,FEMI9-R-22587,"Gracee Medicals",KANCHIPURAM,CHENGALPATTU,Na,Na,600050,+91,9710496936,,,"No1330, Golden Flats, Annanagar west extension, Padi, Ch-50",
MEDICALS,FEMI9-R-22222,"Smart City Medical ",KANCHIPURAM,CHENGALPATTU,Na,Na,600017,+91,9080588114,,,"No:9/1, Srinivasa Road, T.Nagar, Ch-17",
"GROCERY STORES / GENERAL STORES",FEMI9-R-22210,"Vijay Super Market ",KANCHIPURAM,CHENGALPATTU,Na,Na,600034,+91,9710211822,,,"Mahalingapuram, Nungambakkam, Ch-34 ",
"GROCERY STORES / GENERAL STORES",FEMI9-R-22198,"Guru Groceries ",KANCHIPURAM,CHENGALPATTU,Na,Na,600034,+91,9940181779,,,"No:8, Scheme Road, Nungambakkam, Ch-34",33AHPB8756E2ZC
MEDICALS,FEMI9-R-22193,"Ramachandra Pharmacy ",KANCHIPURAM,CHENGALPATTU,Na,Na,600024,+91,9940478355,,,"41/9, 1st cross street Trustpuram Kodambakkam Ch-24 ",
MEDICALS,FEMI9-R-22184,"New Star Medical ",KANCHIPURAM,CHENGALPATTU,Na,Na,600024,+91,9551883345,,,"No:7A, Sivan koil street, Ch-24 ",
MEDICALS,FEMI9-R-22179,"Shakthivel Pharmacy ",KANCHIPURAM,CHENGALPATTU,Na,Na,600026,+91,9884332894,,,"No:4, Pillayar koil street, Vadapalani, Chennai-26",
MEDICALS,FEMI9-R-22175,"Angel Medicals",KANCHIPURAM,CHENGALPATTU,Na,Na,600106,+91,9003678856,,,"No47/1, Vinayagapuarm 1st Main road, Arumbakkam, Ch-106",
"SUPER MARKETS",FEMI9-R-20597,"ZEENATH SUPER MARKET",KANCHIPURAM,CHENNAI,Ambattur,Ambattur,600050,+91,9841433607,,,"108,PILLAYAR KOVIL STRRET MANURPET CHENNAI600050",
"HOSPITAL MEDICALS",FEMI9-R-20595,MAAMALLAN,KANCHIPURAM,CHENNAI,Ambattur,Ambattur,600050,+91,9551046299,,,"GOLDEN COLONY PADI CHENNAI600050",
MEDICALS,FEMI9-R-20593,"GREACEE MEDICALS",KANCHIPURAM,CHENNAI,Ambattur,Ambattur,600050,+91,9841454831,,,"NO1300,GOLDEN COLONY PADI CHENNAI600050",
MEDICALS,FEMI9-R-20591,"SRI VINAYAGA MEDICALS",KANCHIPURAM,CHENNAI,Ambattur,Ambattur,600050,+91,9840714604,,,"83/1,NORTH STREET PADI CHENNAI600050",
MEDICALS,FEMI9-R-20590,"SRINIVASA MIDICAL",KANCHIPURAM,CHENNAI,Ambattur,Ambattur,600050,+91,9941286620,,,"10/14,APPAR STREET,T.N.P.NAGAR PADI CHENNAI600050",
MEDICALS,FEMI9-R-20589,"SRI SARAVANA MEDICAL",KANCHIPURAM,CHENNAI,Ambattur,Ambattur,600050,+91,9380139351,,,"NO13,PATTEAL STEET,KUMARAN NAGAR,PADI CHENNAI600050 ",
MEDICALS,FEMI9-R-20588,"SREE RAM MEDICALS",KANCHIPURAM,CHENNAI,Ambattur,Ambattur,600050,+91,9710191051,,,"6TH ,CORPORATION COMPLEX,MTH ROAD,PADI CHENNAI 600050",
MEDICALS,FEMI9-R-17385," KANNA PHARMACY",KANCHIPURAM,CHENNAI,Ambattur,Ambattur,,91,9841433607,42654319,,"NO, 27/29 THIRUMANGALAM VILLIVAKKAM CHENNAI  600049",
MEDICALS,FEMI9-R-17384,"Gurudev pharmacy",KANCHIPURAM,CHENNAI,Ambattur,Ambattur,,91,9840291237,,,"31/60 reddy street, Villivakkam, chennai- 600049",33AGYPB9988N1Z7
MEDICALS,FEMI9-R-17383,"Sri Azhagu medical",KANCHIPURAM,CHENNAI,Na,Na,,91,9841433607,,,"No 146/3 redhills road, Villivakkam Chennai 49",
MEDICALS,FEMI9-R-17382,"Chennai medimart",KANCHIPURAM,CHENNAI,Na,Na,,91,8939871585,,,"No 24/1 (53/1) reddy street, Villivakkam chennai 49",
"SUPER MARKETS",FEMI9-R-17381,"DR super market",KANCHIPURAM,CHENNAI,Ambattur,Ambattur,,91,9500018306,26173431,,"No 60 station road, Villivakkam Chennai 600049",
MEDICALS,FEMI9-R-17380,"Sri Sai pharmacy",KANCHIPURAM,CHENNAI,Na,Na,,91,9092849975,,,"No 127 (40) thirumangalam road naavalur nagar, kambar colony  Villivakkam Chennai 49",
MEDICALS,FEMI9-R-17379,"Medi cure pharmacy",KANCHIPURAM,CHENNAI,Na,Na,,91,9710180458,,,"Redhills road Villivakkam Chennai 49",
MEDICALS,FEMI9-R-17378,"Sri Ganesh medical",KANCHIPURAM,CHENNAI,Na,Na,,91,9566038383,,,"48/1,old#173 redhills road,north , Villivakkam chennai 49",33AGYPB9957F1ZV
MEDICALS,FEMI9-R-17377,"Thangam medical",KANCHIPURAM,CHENNAI,Na,Na,,91,9710301306,,,"No 135 north redhills road Villivakkam chennai 49",
"GROCERY STORES / GENERAL STORES",FEMI9-R-17376,"Kani store",KANCHIPURAM,CHENNAI,Na,Na,,91,8610086913,,,"agarthiyar nagar 3rd street Villivakkam 49",
MEDICALS,FEMI9-R-17375,Zaiboon,KANCHIPURAM,CHENNAI,Na,Na,,91,9840443226,,,"NO 4/215 new no 27 shop 1 ground floor ,4th main road, Villivakkam 49",
MEDICALS,FEMI9-R-17374,"SSR pharmacy",KANCHIPURAM,CHENNAI,Na,Na,,91,9444702357,,,"155 north redhils road,Villivakkam 49",
"SUPER MARKETS",FEMI9-R-17373,"Vaikund Estates Private Limited",KANCHIPURAM,CHENNAI,Na,Na,,91,9500072870,,,"Plot no.17-18,NRN colony, Villivakkam",33AAGCS9366N3ZL
"HOSPITAL MEDICALS",FEMI9-R-17372,"H B health care",KANCHIPURAM,CHENNAI,Ambattur,Ambattur,,91,7397680727,,,"2nd main road, sidco nagar, villivakkam     600049",
"GROCERY STORES / GENERAL STORES",FEMI9-R-17371,"snacks park",KANCHIPURAM,CHENNAI,Na,Na,,91,8015343695,,,"71/40A, barathi nagar ,2nd street, villivakkam 49",
"FANCY STORES",FEMI9-R-17370,"golden shopping center",KANCHIPURAM,CHENNAI,Na,Na,,91,9841337000,,,"no 47 north  mada street, villivakkam 49",
MEDICALS,FEMI9-R-17369,"D K brother medicals",KANCHIPURAM,CHENNAI,Na,Na,,91,7845664319,,,"no 24/48  staton road,villivakkam 49",
BOUTIQUES,FEMI9-R-17368,"surya shree  boutiques",KANCHIPURAM,CHENNAI,Na,Na,,91,7695941256,,,"93/45, north redils road, villivakkam 49",
"LADIES TAILORING SHOPS",FEMI9-R-17367,"  KR FASHION ",KANCHIPURAM,CHENNAI,Ambattur,Ambattur,,91,8925137220,,,"31, south redils roads, villivakkam 49  31,SOUTH REDILS ROADS, VILLIVAKKAM  600049",
"GROCERY STORES / GENERAL STORES",FEMI9-R-17366," SS STORE",KANCHIPURAM,CHENNAI,Ambattur,Ambattur,,91,9080515899,,,"  7/77,54 STREET NAGAR VILLIVAKKM  600049",
MEDICALS,FEMI9-R-17365,"ARSHATH MEDICALS",KANCHIPURAM,CHENNAI,Ambattur,Ambattur,,91,9345572893,,,"  N BLACK, AGATHIYAR NAGAR, VILLIVAKKAM  -600049",
"GROCERY STORES / GENERAL STORES",FEMI9-R-17364,"A CUBE",KANCHIPURAM,CHENNAI,Ambattur,Ambattur,600049,+91,9841672078,,,"FOODWARE,BAGS,TOYS,ACCESSORIES,35/21,STATION ROAD,VILLIVAKKAM,CHENNAI-49",
